{
  "baseline": {
    "ai4p_f1": 0.3960286563313446,
    "clinical_precision": 0.46743564495709666,
    "clinical_recall": 0.8199876619370758,
    "clinical_f1": 0.5954396810464544,
    "evasion": {
      "homoglyph": 0.11279953243717125,
      "zwsp": 0.41904981549815495,
      "whitespace": 0.783099555251454,
      "abbreviation": 0.10161662817551963,
      "honorific": 0.09064665127020785,
      "field_format": 0.16010947656517277
    }
  },
  "lora_r8_n1000": {
    "ai4p_f1": 0.43175317672434005,
    "clinical_precision": 0.5054354776825681,
    "clinical_recall": 0.9752004935225169,
    "clinical_f1": 0.6657962346796951,
    "evasion": {
      "homoglyph": 0.12063778580024068,
      "zwsp": 0.5464403583215465,
      "whitespace": 0.8597173144876326,
      "abbreviation": 0.09593023255813954,
      "honorific": 0.06569767441860465,
      "field_format": 0.1872791519434629
    }
  },
  "lora_r8_n5000": {
    "ai4p_f1": 0.4262482712575707,
    "clinical_precision": 0.5066413662239089,
    "clinical_recall": 0.9882788402220851,
    "clinical_f1": 0.669872464980138,
    "evasion": {
      "homoglyph": 0.12484316185696362,
      "zwsp": 0.5522279035792549,
      "whitespace": 0.8640920906052729,
      "abbreviation": 0.07250755287009064,
      "honorific": 0.07129909365558912,
      "field_format": 0.1682138878574081
    }
  },
  "lora_r8_n20000": {
    "ai4p_f1": 0.417128866236946,
    "clinical_precision": 0.5074626865671642,
    "clinical_recall": 0.9900061690314621,
    "clinical_f1": 0.6709871639419661,
    "evasion": {
      "homoglyph": 0.1715466758525663,
      "zwsp": 0.6753485924756643,
      "whitespace": 0.8983471074380165,
      "abbreviation": 0.10718870346598203,
      "honorific": 0.10975609756097561,
      "field_format": 0.20454545454545456
    }
  }
}