{
  "baseline": {
    "ai4p_f1": 0.18358718943649738,
    "clinical_precision": 0.5568293712195808,
    "clinical_recall": 0.9768044417026527,
    "clinical_f1": 0.7093132643461899,
    "evasion": {
      "homoglyph": 0.13448660714285715,
      "zwsp": 0.5254652301665035,
      "whitespace": 0.9149265274555298,
      "abbreviation": 0.10298102981029811,
      "honorific": 0.07046070460704607,
      "field_format": 0.2088167053364269
    }
  },
  "lora_r8_n1000": {
    "ai4p_f1": 0.12342351015692693,
    "clinical_precision": 0.5143880291597391,
    "clinical_recall": 0.9924737816162862,
    "clinical_f1": 0.6775891841806007,
    "evasion": {
      "homoglyph": 0.14659685863874344,
      "zwsp": 0.6827656329435688,
      "whitespace": 0.9273469387755102,
      "abbreviation": 0.10888252148997135,
      "honorific": 0.07163323782234957,
      "field_format": 0.276734693877551
    }
  },
  "lora_r8_n5000": {
    "ai4p_f1": 0.12172088142707241,
    "clinical_precision": 0.5104364326375711,
    "clinical_recall": 0.9956816779765577,
    "clinical_f1": 0.6748902362533974,
    "evasion": {
      "homoglyph": 0.15722120658135283,
      "zwsp": 0.676906779661017,
      "whitespace": 0.9075043630017452,
      "abbreviation": 0.10869565217391304,
      "honorific": 0.06832298136645963,
      "field_format": 0.2513089005235602
    }
  },
  "lora_r8_n20000": {
    "ai4p_f1": 0.11895020457040215,
    "clinical_precision": 0.5106880849987352,
    "clinical_recall": 0.9962985811227637,
    "clinical_f1": 0.6752519128653259,
    "evasion": {
      "homoglyph": 0.22517006802721087,
      "zwsp": 0.7850851438637698,
      "whitespace": 0.9270516717325228,
      "abbreviation": 0.10819672131147541,
      "honorific": 0.06557377049180328,
      "field_format": 0.2725430597771023
    }
  }
}