{
  "ai4privacy": {
    "account_number": {
      "precision": 0.07956439604400489,
      "recall": 0.9144316730523627,
      "f1-score": 0.14639133101615212,
      "support": 783
    },
    "private_person": {
      "precision": 0.44022988505747124,
      "recall": 0.8419638495359062,
      "f1-score": 0.5781616907078162,
      "support": 4094
    },
    "private_address": {
      "precision": 0.36903521566993125,
      "recall": 0.5513698630136986,
      "f1-score": 0.44214205467482215,
      "support": 3212
    },
    "private_email": {
      "precision": 0.4874869655891554,
      "recall": 0.9925690021231423,
      "f1-score": 0.653846153846154,
      "support": 942
    },
    "private_url": {
      "precision": 0.0,
      "recall": 0.0,
      "f1-score": 0.0,
      "support": 0
    },
    "private_date": {
      "precision": 0.19304517387065323,
      "recall": 0.9580645161290322,
      "f1-score": 0.32134162834730867,
      "support": 620
    },
    "secret": {
      "precision": 0.2975970425138632,
      "recall": 0.14556962025316456,
      "f1-score": 0.19550698239222827,
      "support": 2212
    },
    "private_phone": {
      "precision": 0.3512343005630143,
      "recall": 0.9643281807372176,
      "f1-score": 0.5149206349206349,
      "support": 841
    },
    "micro avg": {
      "precision": 0.2799361709056567,
      "recall": 0.6766372795969773,
      "f1-score": 0.3960286563313446,
      "support": 12704
    }
  },
  "mimic": {
    "total_notes": 500,
    "total_entities_detected": 532,
    "entities_per_note": 1.064,
    "entity_type_counts": {
      "account_number": 13,
      "private_person": 310,
      "private_date": 207,
      "private_address": 2
    }
  }
}