{
  "run_label": "LoRA (lora_r8_n20000)",
  "adapter": "results/checkpoints/lora_r8_n20000/adapter",
  "n_test_notes": 1000,
  "exact_f1": {
    "account_number": {
      "precision": 0.0,
      "recall": 0.0,
      "f1": 0.0,
      "tp": 0,
      "fp": 1934,
      "fn": 967,
      "support": 967
    },
    "private_date": {
      "precision": 0.0,
      "recall": 0.0,
      "f1": 0.0,
      "tp": 0,
      "fp": 6000,
      "fn": 3000,
      "support": 3000
    },
    "private_person": {
      "precision": 0.0003808073115003808,
      "recall": 0.0007249879168680521,
      "f1": 0.0004993342210386151,
      "tp": 3,
      "fp": 7875,
      "fn": 4135,
      "support": 4138
    },
    "micro avg": {
      "precision": 0.00018972931950417404,
      "recall": 0.0003701418877236274,
      "f1": 0.00025086758372705605,
      "tp": 3,
      "fp": 15809,
      "fn": 8102,
      "support": 8105
    }
  },
  "overlap_f1": {
    "account_number": {
      "precision": 0.5,
      "recall": 1.0,
      "f1": 0.6666666666666666,
      "tp": 967,
      "fp": 967,
      "fn": 0,
      "support": 967
    },
    "private_date": {
      "precision": 0.5,
      "recall": 1.0,
      "f1": 0.6666666666666666,
      "tp": 3000,
      "fp": 3000,
      "fn": 0,
      "support": 3000
    },
    "private_person": {
      "precision": 0.514978420919015,
      "recall": 0.9804253262445626,
      "f1": 0.675266311584554,
      "tp": 4057,
      "fp": 3821,
      "fn": 81,
      "support": 4138
    },
    "micro avg": {
      "precision": 0.5074626865671642,
      "recall": 0.9900061690314621,
      "f1": 0.6709871639419661,
      "tp": 8024,
      "fp": 7788,
      "fn": 81,
      "support": 8105
    }
  }
}