{
  "run_label": "LoRA (lora_r8_n5000)",
  "adapter": "results/checkpoints/lora_r8_n5000/adapter",
  "n_test_notes": 1000,
  "exact_f1": {
    "private_date": {
      "precision": 0.0,
      "recall": 0.0,
      "f1": 0.0,
      "tp": 0,
      "fp": 6000,
      "fn": 3000,
      "support": 3000
    },
    "account_number": {
      "precision": 0.0,
      "recall": 0.0,
      "f1": 0.0,
      "tp": 0,
      "fp": 1934,
      "fn": 967,
      "support": 967
    },
    "private_person": {
      "precision": 0.00012696800406297612,
      "recall": 0.0002416626389560174,
      "f1": 0.00016647244880972197,
      "tp": 1,
      "fp": 7875,
      "fn": 4137,
      "support": 4138
    },
    "micro avg": {
      "precision": 6.325110689437066e-05,
      "recall": 0.00012338062924120913,
      "f1": 8.362952122099102e-05,
      "tp": 1,
      "fp": 15809,
      "fn": 8104,
      "support": 8105
    }
  },
  "overlap_f1": {
    "private_date": {
      "precision": 0.5,
      "recall": 1.0,
      "f1": 0.6666666666666666,
      "tp": 3000,
      "fp": 3000,
      "fn": 0,
      "support": 3000
    },
    "account_number": {
      "precision": 0.5,
      "recall": 1.0,
      "f1": 0.6666666666666666,
      "tp": 967,
      "fp": 967,
      "fn": 0,
      "support": 967
    },
    "private_person": {
      "precision": 0.5133316404266125,
      "recall": 0.9770420492991784,
      "f1": 0.673048110537706,
      "tp": 4043,
      "fp": 3833,
      "fn": 95,
      "support": 4138
    },
    "micro avg": {
      "precision": 0.5066413662239089,
      "recall": 0.9882788402220851,
      "f1": 0.669872464980138,
      "tp": 8010,
      "fp": 7800,
      "fn": 95,
      "support": 8105
    }
  }
}