{
  "run_label": "Baseline (no fine-tuning)",
  "adapter": null,
  "n_test_notes": 1000,
  "exact_f1": {
    "private_phone": {
      "precision": 0.0,
      "recall": 0.0,
      "f1": 0.0,
      "tp": 0,
      "fp": 162,
      "fn": 0,
      "support": 0
    },
    "account_number": {
      "precision": 0.0,
      "recall": 0.0,
      "f1": 0.0,
      "tp": 0,
      "fp": 1250,
      "fn": 967,
      "support": 967
    },
    "private_address": {
      "precision": 0.0,
      "recall": 0.0,
      "f1": 0.0,
      "tp": 0,
      "fp": 21,
      "fn": 0,
      "support": 0
    },
    "private_date": {
      "precision": 0.0,
      "recall": 0.0,
      "f1": 0.0,
      "tp": 0,
      "fp": 6274,
      "fn": 3000,
      "support": 3000
    },
    "private_person": {
      "precision": 0.0,
      "recall": 0.0,
      "f1": 0.0,
      "tp": 0,
      "fp": 6511,
      "fn": 4138,
      "support": 4138
    },
    "micro avg": {
      "precision": 0.0,
      "recall": 0.0,
      "f1": 0.0,
      "tp": 0,
      "fp": 14218,
      "fn": 8105,
      "support": 8105
    }
  },
  "overlap_f1": {
    "private_phone": {
      "precision": 0.0,
      "recall": 0.0,
      "f1": 0.0,
      "tp": 0,
      "fp": 162,
      "fn": 0,
      "support": 0
    },
    "account_number": {
      "precision": 0.524,
      "recall": 0.6773526370217167,
      "f1": 0.5908885881822282,
      "tp": 655,
      "fp": 595,
      "fn": 312,
      "support": 967
    },
    "private_address": {
      "precision": 0.0,
      "recall": 0.0,
      "f1": 0.0,
      "tp": 0,
      "fp": 21,
      "fn": 0,
      "support": 0
    },
    "private_date": {
      "precision": 0.4775262990117947,
      "recall": 0.9986666666666667,
      "f1": 0.6461073970239379,
      "tp": 2996,
      "fp": 3278,
      "fn": 4,
      "support": 3000
    },
    "private_person": {
      "precision": 0.4599907848256796,
      "recall": 0.7237796036732721,
      "f1": 0.5624941309043102,
      "tp": 2995,
      "fp": 3516,
      "fn": 1143,
      "support": 4138
    },
    "micro avg": {
      "precision": 0.46743564495709666,
      "recall": 0.8199876619370758,
      "f1": 0.5954396810464544,
      "tp": 6646,
      "fp": 7572,
      "fn": 1459,
      "support": 8105
    }
  }
}