{
  "run_label": "LoRA (lora_r8_n1000)",
  "adapter": "results/checkpoints/lora_r8_n1000/adapter",
  "n_test_notes": 1000,
  "exact_f1": {
    "private_person": {
      "precision": 0.00012992074834351045,
      "recall": 0.0002416626389560174,
      "f1": 0.00016899028305872413,
      "tp": 1,
      "fp": 7696,
      "fn": 4137,
      "support": 4138
    },
    "private_date": {
      "precision": 0.0,
      "recall": 0.0,
      "f1": 0.0,
      "tp": 0,
      "fp": 6007,
      "fn": 3000,
      "support": 3000
    },
    "account_number": {
      "precision": 0.0,
      "recall": 0.0,
      "f1": 0.0,
      "tp": 0,
      "fp": 1934,
      "fn": 967,
      "support": 967
    },
    "micro avg": {
      "precision": 6.39467962655071e-05,
      "recall": 0.00012338062924120913,
      "f1": 8.423535357789665e-05,
      "tp": 1,
      "fp": 15637,
      "fn": 8104,
      "support": 8105
    }
  },
  "overlap_f1": {
    "private_person": {
      "precision": 0.5114979862284007,
      "recall": 0.9514258095698405,
      "f1": 0.665314744402197,
      "tp": 3937,
      "fp": 3760,
      "fn": 201,
      "support": 4138
    },
    "private_date": {
      "precision": 0.49941734642916596,
      "recall": 1.0,
      "f1": 0.6661485511269013,
      "tp": 3000,
      "fp": 3007,
      "fn": 0,
      "support": 3000
    },
    "account_number": {
      "precision": 0.5,
      "recall": 1.0,
      "f1": 0.6666666666666666,
      "tp": 967,
      "fp": 967,
      "fn": 0,
      "support": 967
    },
    "micro avg": {
      "precision": 0.5054354776825681,
      "recall": 0.9752004935225169,
      "f1": 0.6657962346796951,
      "tp": 7904,
      "fp": 7734,
      "fn": 201,
      "support": 8105
    }
  }
}