{
  "run_label": "LoRA (lora_r8_n20000)",
  "adapter": "results/checkpoints/lora_r8_n20000/adapter",
  "n_test_notes": 1000,
  "exact_f1": {
    "account_number": {
      "precision": 0.4,
      "recall": 0.31272727272727274,
      "f1": 0.35102040816326535,
      "tp": 86,
      "fp": 129,
      "fn": 189,
      "support": 275
    },
    "private_person": {
      "precision": 0.08304042179261863,
      "recall": 0.1431818181818182,
      "f1": 0.10511679644048944,
      "tp": 378,
      "fp": 4174,
      "fn": 2262,
      "support": 2640
    },
    "private_date": {
      "precision": 0.4974182444061962,
      "recall": 0.6358635863586358,
      "f1": 0.558184451955577,
      "tp": 578,
      "fp": 584,
      "fn": 331,
      "support": 909
    },
    "micro avg": {
      "precision": 0.17574633159048744,
      "recall": 0.27248953974895396,
      "f1": 0.21367784271506204,
      "tp": 1042,
      "fp": 4887,
      "fn": 2782,
      "support": 3824
    }
  },
  "overlap_f1": {
    "account_number": {
      "precision": 0.5,
      "recall": 1.0,
      "f1": 0.6666666666666666,
      "tp": 967,
      "fp": 967,
      "fn": 0,
      "support": 967
    },
    "private_person": {
      "precision": 0.5214521452145214,
      "recall": 0.9927501208313195,
      "f1": 0.6837549933422105,
      "tp": 4108,
      "fp": 3770,
      "fn": 30,
      "support": 4138
    },
    "private_date": {
      "precision": 0.5,
      "recall": 1.0,
      "f1": 0.6666666666666666,
      "tp": 3000,
      "fp": 3000,
      "fn": 0,
      "support": 3000
    },
    "micro avg": {
      "precision": 0.5106880849987352,
      "recall": 0.9962985811227637,
      "f1": 0.6752519128653259,
      "tp": 8075,
      "fp": 7737,
      "fn": 30,
      "support": 8105
    }
  }
}